"Overdrive Link","Overdrive Name","Collection Size","No. of Audiobooks","No. of Ebooks","No. of Videos","No. of Magazines"
https://lapl.overdrive.com,"Los Angeles Public Library",347356,54969,285539,6294,554
https://auckland.overdrive.com,"Auckland Libraries",246050,43475,202575,0,0
https://sno-isle.overdrive.com,"Sno-Isle Libraries",227431,58104,169196,130,0
https://clevnet.overdrive.com,"CLEVNET",206957,38526,163952,3949,530
https://nlb.overdrive.com,"National Library Board Singapore",204840,21797,182739,304,0
https://nypl.overdrive.com,"New York Public Library",185963,36744,148542,677,0
https://kcls.overdrive.com,"King County Library System",184903,40803,143152,948,0
https://toronto.overdrive.com,"Toronto Public Library",184773,26419,155890,1963,498
https://hclib.overdrive.com,"Hennepin County Library",182262,25345,154372,2545,0
https://ohdbks.overdrive.com,"The Ohio Digital Library",175528,31789,140301,2794,642
https://indypl.overdrive.com,"Indianapolis Public Library",174213,37011,135161,2040,0
https://hcplc.overdrive.com,"Hillsborough County Public Library Cooperative",170658,23611,146620,427,0
https://livebrary.overdrive.com,"Livebrary.com",166724,37065,129240,419,0
https://brooklyn.overdrive.com,"Brooklyn Public Library",159267,29272,128940,1055,0
https://cincinnatilibrary.overdrive.com,"Public Library of Cincinnati and Hamilton County",154856,32857,116812,5187,0
https://lasvegas.overdrive.com,"Las Vegas-Clark County Library District",153278,39438,113208,112,517
https://spl.overdrive.com,"Seattle Public Library",151894,35202,115743,949,0
https://ppld.overdrive.com,"Pikes Peak Library District",146540,30533,115835,171,0
https://nashville.overdrive.com,"Nashville Public Library",143334,30827,111312,1195,0
https://phoenix.overdrive.com,"Greater Phoenix Digital Library",142537,32497,108147,1710,183
https://multcolib.overdrive.com,"Multnomah County Library",139012,35592,103420,0,0
https://metrolibrary.overdrive.com,"Metropolitan Library System",137029,33642,103387,0,0
https://ocls.overdrive.com,"Orange County Library System",132761,23595,108198,968,0
https://clc.overdrive.com,"Digital Downloads Collaboration",131271,27360,103910,1,0
https://ccpl.overdrive.com,"Cuyahoga County Public Library",123322,29146,93240,936,0
https://sfpl.overdrive.com,"San Francisco Public Library",121233,19829,101402,2,0
https://saclibrary.overdrive.com,"Sacramento Public Library",120833,30436,87843,2554,0
https://ebr.overdrive.com,"East Baton Rouge Parish Library",112867,27484,83591,1792,0
https://arapahoe.overdrive.com,"Arapahoe Library District",107530,22224,85264,42,0
https://lcls.overdrive.com,"Lee County Library System",107058,24093,82223,742,0
https://acla.overdrive.com,"Carnegie Library of Pittsburgh",104014,19920,83153,750,191
https://mcpl.overdrive.com,"Mid-Continent Public Library",102306,23244,77395,1667,0
https://austinlibrary.overdrive.com,"Austin Public Library",101493,23476,76194,1823,0
https://army.overdrive.com,"Army MWR Libraries",101069,25805,71951,3313,0
https://bpl.overdrive.com,"Boston Public Library",97772,20675,77012,85,0
https://calgary.overdrive.com,"Calgary Public Library",97642,18462,79180,0,0
https://evpl.overdrive.com,"Evansville Vanderburgh Public Library",97092,17385,79641,64,0
https://reads.overdrive.com,"Tennessee READS",95515,21430,70928,3157,0
https://lacountylibrary.overdrive.com,"LA County Library",92187,22558,69629,0,0
https://epl.overdrive.com,"Edmonton Public Library",91948,21518,70228,202,0
https://hcpl.overdrive.com,"Harris County Public Library",91661,18072,72981,541,66
https://kyunbound.overdrive.com,"Kentucky Libraries Unbound",90047,16969,70909,1764,405
https://riezone.overdrive.com,"Ocean State Libraries eZone",87736,18670,68361,705,0
https://toledo.overdrive.com,"Toledo-Lucas County Public Library",85760,22493,62079,1188,0
https://odmc.overdrive.com,"Ontario Library Service Consortium",85402,15599,69635,168,0
https://hawaii.overdrive.com,"Hawaii State Public Library System",85259,15794,69465,0,0
https://wplc.overdrive.com,"Wisconsin Public Library Consortium",83910,20758,62606,546,0
https://hpl.overdrive.com,"Hamilton Public Library",81253,13273,67509,0,471
https://cals.overdrive.com,"Central Arkansas Library System",80383,16291,64092,0,0
https://mydlib.overdrive.com,"My Digital Library",79350,18284,59838,855,372
https://broward.overdrive.com,"Broward County Library",78394,17042,60689,663,0
https://sanantonio.overdrive.com,"San Antonio Public Library",77401,18803,56777,1336,485
https://piercecounty.overdrive.com,"Pierce County Library System",77194,20556,56638,0,0
https://lsw.overdrive.com,"Libraries Southwest Consortium",77066,14117,62831,118,0
https://slcl.overdrive.com,"St. Louis County Library",75240,10400,64237,603,0
https://scld.overdrive.com,"Spokane County Library District",74687,22937,51750,0,0
https://goldcoast.overdrive.com,"City of Gold Coast Libraries",74200,11672,59875,2653,0
https://dayton.overdrive.com,"Dayton Metro Library",73850,19657,53401,792,0
https://markham.overdrive.com,"Markham Public Library",71392,11417,59102,873,0
https://henrico.overdrive.com,"Henrico County Public Library",70834,9419,61415,0,0
https://wvdeli.overdrive.com,"West Virginia Downloadable Entertainment Library Initiative",69722,13736,54758,1228,0
https://timberland.overdrive.com,"Timberland Regional Library",69390,20133,48693,564,0
https://wccls.overdrive.com,"Washington County Cooperative Library Services",67853,16671,51182,0,0
https://cabq.overdrive.com,"Albuquerque Bernalillo County Library System",67594,19899,47431,264,0
https://pioneerok.overdrive.com,"Pioneer Library System",66996,15576,51179,241,0
https://tscpl.overdrive.com,"Topeka and Shawnee County Public Library",66251,11477,54536,0,238
https://midcolumbialibraries.overdrive.com,"Mid-Columbia Libraries",66166,17614,48144,0,408
https://nmls.overdrive.com,"Nicholson Memorial Library System",65974,17839,47858,36,241
https://aclib.overdrive.com,"Alachua County Library District",65131,18344,46702,85,0
https://slco.overdrive.com,"Salt Lake County Library Services",63778,19956,39574,4248,0
https://lakecounty.overdrive.com,"Lake County Public Library",63235,13705,49530,0,0
https://sdcl.overdrive.com,"San Diego County Library",63143,14558,47834,751,0
https://utahsonlinelibrary.overdrive.com,"Utah's Online Library",62301,20475,40145,1681,0
https://minuteman.overdrive.com,"Minuteman Library Network",61636,12454,48063,685,434
https://nu.overdrive.com,"Northwest University",60050,1,60049,0,0
https://acpl.overdrive.com,"Allen County Public Library",59970,10217,49753,0,0
https://erl.overdrive.com,"Eastern Regional Libraries",59933,6737,53196,0,0
https://ottawa.overdrive.com,"Ottawa Public Library",59380,10744,48636,0,0
https://cidc.overdrive.com,"eIndiana Digital Consortium",58805,9797,48268,394,346
https://myrl.overdrive.com,"Richland Library",58527,11920,46552,55,0
https://fresno.overdrive.com,"Fresno County Public Library",57277,15437,41175,665,0
https://hadc.overdrive.com,"Houston Area Digital Media Catalog",57083,14757,42266,59,0
https://saskatchewan.overdrive.com,"Saskatchewan Library Consortium",56308,9962,46346,0,0
https://okvirtuallibrary.overdrive.com,"OK Virtual Library",55398,10145,44558,695,0
https://cwmars.overdrive.com,"CW MARS",54159,9449,42824,1201,685
https://jpl.overdrive.com,"Jacksonville Public Library",53852,15218,38364,270,0
https://christchurch.overdrive.com,"Christchurch City Libraries",53755,9903,43852,0,0
https://aclibrary.overdrive.com,"Alameda County Library",53026,4954,44918,3154,0
https://surreyca.overdrive.com,"Surrey Libraries",52250,7408,44842,0,0
https://kclibrary.overdrive.com,"Kansas City Public Library",51999,14452,36750,513,284
https://ncdigital.overdrive.com,"North Carolina Digital Library",51451,10422,40332,294,403
https://akronlibrary.overdrive.com,"Akron-Summit County Public Library",51246,14349,36897,0,0
https://kenton.overdrive.com,"Kenton County Public Library",51043,8042,42762,0,239
https://denver.overdrive.com,"Denver Public Library",50077,13141,36134,802,0
https://mediaondemand.overdrive.com,"Media On Demand",49984,7516,41357,1111,0
https://mississauga.overdrive.com,"Mississauga Library System",49742,5261,44464,17,0
https://sbcldigital.overdrive.com,"San Bernardino County Library",49364,9951,36426,2987,0
https://dallaslibrary.overdrive.com,"Dallas Public Library",49268,5747,40911,2610,0
https://westchester.overdrive.com,"Westchester Library System",49030,6187,42777,66,0
https://lfpl.overdrive.com,"Louisville Free Public Library",48446,291,47805,350,0
https://jclc.overdrive.com,"Jefferson County Library Cooperative",48380,10880,37500,0,0
https://wcl.overdrive.com,"Wellington City Libraries",48042,9739,38303,0,0
https://wapldmc.overdrive.com,"Western Australia Public Libraries",48023,1343,46680,0,0
https://mlc.overdrive.com,"Midwest Collaborative for Library Services",47381,12520,34861,0,0
https://greenwich.overdrive.com,"Greenwich Library",47273,9492,37781,0,0
https://thegdl.overdrive.com,"Genesee District Library",47069,15491,31281,297,0
https://knoxcounty.overdrive.com,"Knox County Public Library",46972,11656,34945,371,0
https://fortvancouver.overdrive.com,"Fort Vancouver Regional Library District",46551,12690,33861,0,0
https://elm.overdrive.com,"eLibraries Manitoba",46539,9421,37117,1,0
https://chipublib.overdrive.com,"Chicago Public Library",46443,10301,35592,550,0
https://bridges.overdrive.com,"Bridges",46362,11624,34148,194,396
https://fwpl.overdrive.com,"Fort Worth Library",46352,14273,30662,1153,264
https://anythinklibraries.overdrive.com,"Rangeview Library District",46341,11085,35256,0,0
https://dbrl.overdrive.com,"Daniel Boone Regional Library",45969,9941,36028,0,0
https://dcl.overdrive.com,"Douglas County Libraries",45897,12482,33361,54,0
https://youngstown.overdrive.com,"The Public Library of Youngstown and Mahoning County",45883,9953,35930,0,0
https://iddc.overdrive.com,"Indiana Digital Download Center",45863,6330,38125,995,413
https://stcharles.overdrive.com,"St. Charles City-County Library District",45819,11086,34733,0,0
https://adlc.overdrive.com,"Arkansas Digital Library Consortium",45646,8584,37062,0,0
https://library2go.overdrive.com,"Oregon Digital Library Consortium",45433,13136,32297,0,0
https://onlib.overdrive.com,"Onondaga County Public Library",45214,11791,32560,737,126
https://sapln.overdrive.com,"South Australia Public Library Services",44642,6321,38321,0,0
https://uhls.overdrive.com,"Upper Hudson Library System",44641,11089,32905,647,0
https://anytime.overdrive.com,"Washington Anytime Library",44459,11974,32485,0,0
https://idm.overdrive.com,"Indiana Digital Media",44347,9299,34284,447,317
https://pima.overdrive.com,"Pima County Public Library",43925,8215,35533,177,0
https://wvreads.overdrive.com,"West Virginia Reads",43156,5318,37829,9,0
https://buffalo.overdrive.com,"Buffalo & Erie County Public Library",43035,9482,33451,102,0
https://mdpls.overdrive.com,"Miami-Dade Public Library System",42852,9322,33494,36,0
https://greengoldlibraries.overdrive.com,"Green Gold Consortium",42648,8548,33562,538,0
https://slpl.overdrive.com,"St. Louis Public Library",42458,4686,37772,0,0
https://dclibrary.overdrive.com,"District of Columbia Public Library",42096,12177,29423,496,0
https://slcpl.overdrive.com,"Salt Lake City Public Library",41774,8785,30329,2660,0
https://fairfax.overdrive.com,"Fairfax County Public Library",41719,14229,27490,0,0
https://emedialibrary.overdrive.com,"eMediaLibrary",41453,8961,32491,1,0
https://naperville.overdrive.com,"Naperville Public Library",41314,13214,27770,330,0
https://tulsa.overdrive.com,"Tulsa City-County Library",41286,8649,32634,3,0
https://omaha.overdrive.com,"Omaha Public Library",41025,10650,30310,65,0
https://orl.overdrive.com,"Okanagan Regional Library",40762,8317,32445,0,0
https://monmouth.overdrive.com,"Monmouth County Library",40698,7227,33471,0,0
https://sanjose.overdrive.com,"San Jose Public Library",40548,7483,33065,0,0
https://camellia.overdrive.com,"Camellia Net Digital Catalog",40449,6366,33029,606,448
https://nebraska.overdrive.com,"Nebraska OverDrive Libraries",40093,13254,26839,0,0
https://nsls.overdrive.com,"My Media Mall",39993,12424,27436,133,0
https://sppl.overdrive.com,"St. Paul Public Library",39651,0,39651,0,0
https://llc.overdrive.com,"London Libraries Consortium",39593,5738,33855,0,0
https://dpls.overdrive.com,"Deschutes Public Library",38884,10056,28759,69,0
https://sails.overdrive.com,"SAILS Library Network",38878,5614,32389,875,0
https://plano.overdrive.com,"Plano Public Library System",38820,6447,32373,0,0
https://bnllux.overdrive.com,"National Library of Luxembourg",38611,32,38579,0,0
https://molib2go.overdrive.com,"Missouri Libraries 2Go",38479,6050,31759,352,318
https://librariesonthego.overdrive.com,"Libraries on the Go",38352,8466,29886,0,0
https://nassau.overdrive.com,"Nassau Digital Doorway",38334,7747,30587,0,0
https://chesterfield.overdrive.com,"Chesterfield County Public Library",38308,7361,30947,0,0
https://pls.overdrive.com,"Peninsula Library System",38211,9038,29171,2,0
https://halifax.overdrive.com,"Halifax Public Libraries",38043,5815,31888,340,0
https://downloadlibrary.overdrive.com,"downloadLibrary",37479,9917,26474,1088,0
https://sjcpl.overdrive.com,"St. Joseph County Public Library",37227,7877,29350,0,0
https://krl.overdrive.com,"Kitsap Regional Library",37180,7821,29359,0,0
https://vbpl.overdrive.com,"Virginia Beach Public Library",36755,7133,28287,1335,0
https://omnilibraries.overdrive.com,"Online Media of Northern Illinois Libraries",36130,4148,31298,684,0
https://yuma.overdrive.com,"Yuma County Library District",36054,12584,23470,0,0
https://freelibrary.overdrive.com,"The Free Library of Philadelphia",36000,6263,29337,400,0
https://jasmine.overdrive.com,"South Carolina Low Country Consortium",35871,3160,32709,2,0
https://hcplibrary.overdrive.com,"Hancock County Public Library",35685,8282,27186,6,211
https://frontrange.overdrive.com,"Front Range Downloadable Library",35617,8380,27167,70,0
https://lincoln.overdrive.com,"Lincoln City Libraries",35419,14752,20667,0,0
https://brisbane.overdrive.com,"Brisbane City Council Library Services",35398,5272,29985,141,0
https://ocln.overdrive.com,"Old Colony Library Network",35243,5352,29420,471,0
https://libraryweb.overdrive.com,"Monroe County Library System",35154,7088,27537,311,218
https://bcpl.overdrive.com,"British Columbia Libraries",34991,9392,25598,1,0
https://ocpl.overdrive.com,"OC Public Libraries",34818,11032,23786,0,0
https://trac.overdrive.com,"TRAC Consortium",34754,5296,29458,0,0
https://santaclara.overdrive.com,"Santa Clara County Library",34524,8681,25109,734,0
https://balibrary.overdrive.com,"Barrington Area Library",34513,4597,29916,0,0
https://spartanburglibraries.overdrive.com,"Spartanburg County Public Libraries",34017,9671,24346,0,0
https://memphis.overdrive.com,"Memphis Public Libraries",33988,2369,31619,0,0
https://ndlibrary2go.overdrive.com,"North Dakota Digital Consortium",33437,9037,23250,1150,0
https://tempe.overdrive.com,"Tempe Public Library",33294,6375,26751,168,0
https://pueblolibrary.overdrive.com,"Pueblo City-County Library District",33064,16284,16780,0,0
https://rhpl.overdrive.com,"Richmond Hill Public Library",33059,2968,30091,0,0
https://somerset.overdrive.com,"Somerset County Library System",33027,4677,28123,227,0
https://pgcmls.overdrive.com,"Prince George's County Memorial Library System",32919,9135,23784,0,0
https://afpls.overdrive.com,"Atlanta-Fulton Public Library System",32751,6086,26665,0,0
https://bayouland.overdrive.com,"Bayouland E-Library Co-Op",32383,4136,28138,109,0
https://grpl.overdrive.com,"Grand Rapids Public Library",32208,6641,25567,0,0
https://montana.overdrive.com,"MontanaLibrary2Go",32149,10987,21162,0,0
https://barth.overdrive.com,"Bartholomew County Public Library",31985,5468,26516,1,0
https://flls.overdrive.com,"Finger Lakes Library System",31980,5077,26903,0,0
https://oakland.overdrive.com,"Oakland Public Library",31944,5014,25873,1057,0
https://elibrarynj.overdrive.com,"eLibrary NJ",31135,9950,21185,0,0
https://ifpl.overdrive.com,"Idaho Falls Public Library",30630,9702,20928,0,0
https://lib2go.overdrive.com,"ArkansasLibrary2Go",30514,6132,24156,226,0
https://tln.overdrive.com,"Download Destination",30402,5410,24177,815,0
https://delaware.overdrive.com,"Delaware Division of Libraries",30256,6483,22770,1003,0
https://blackgold.overdrive.com,"Black Gold Cooperative Library System",30255,8617,21638,0,0
https://librariestasmania.overdrive.com,"Libraries Tasmania",29926,3786,26140,0,0
https://lcpl.overdrive.com,"Loudoun County Public Library",29867,5505,24362,0,0
https://marinet.overdrive.com,"MARINet",29767,7747,21930,90,0
https://rochester.overdrive.com,"Rochester Public Library",29756,9311,19999,446,0
https://arlington.overdrive.com,"Arlington Public Library",29370,8588,20782,0,0
https://yvl.overdrive.com,"Yakima Valley Libraries",29342,8688,17912,2742,0
https://lpl.overdrive.com,"London Public Library",29285,10047,19106,132,0
https://clamsnet.overdrive.com,"CLAMS",29250,6399,22593,55,203
https://marmot.overdrive.com,"Marmot Library Network",29189,8442,20627,120,0
https://winnipeg.overdrive.com,"Winnipeg Public Library",29102,5362,23445,295,0
https://poudre.overdrive.com,"Poudre River Public Library District",29048,3990,24967,91,0
https://adl.overdrive.com,"Alaska Digital Library",29003,10640,18363,0,0
https://frisco.overdrive.com,"Frisco Public Library",28317,4926,23371,20,0
https://brampton.overdrive.com,"Brampton Library",28311,6324,21870,117,0
https://ccc.overdrive.com,"Contra Costa County Library",28038,5666,22372,0,0
https://santaclarita.overdrive.com,"City of Santa Clarita Public Library",28016,4768,21975,1273,0
https://brevard.overdrive.com,"Brevard County Library",28008,3525,24483,0,0
https://moretonbay.overdrive.com,"Moreton Bay Libraries",27856,2861,24846,149,0
https://boise.overdrive.com,"Boise Public Library",27785,8229,19212,344,0
https://maryland.overdrive.com,"Maryland's Digital Library",27660,8462,18591,145,462
https://ecoop.overdrive.com,"E-Library Co-Op of Southeast Louisiana",27587,4104,23447,36,0
https://sunflowerelibrary.overdrive.com,"Sunflower eLibrary",27515,3785,23686,44,0
https://e-inc.overdrive.com,"E-iNC Library",27254,2570,23974,300,410
https://buckslib.overdrive.com,"Bucks County Free Library",27059,7330,19529,200,0
https://blackhills.overdrive.com,"Black Hills Library Digital Consortium",26805,7420,19191,194,0
https://rcls.overdrive.com,"Ramapo Catskill Library System",26305,6069,19183,493,560
https://sttammany.overdrive.com,"St. Tammany Parish Library",26284,6958,19326,0,0
https://ebccls.overdrive.com,"Bergen County Cooperative Library System",26094,7130,18964,0,0
https://montcolibs.overdrive.com,"Montgomery County Library District Consortium",25876,5748,19725,403,0
https://rpls.overdrive.com,"Rolling Prairie Digital Consortium",25789,2566,23126,97,0
https://elpaso.overdrive.com,"El Paso Public Library",25772,3675,21739,358,0
https://delco.overdrive.com,"Delaware County Library System",25726,6976,18750,0,0
https://tuscaloosa.overdrive.com,"Tuscaloosa Public Library",25397,4967,20059,371,0
https://upnorth.overdrive.com,"Up North Michigan Consortium",25293,2979,22180,134,0
https://kent.overdrive.com,"Kent County Council",25282,3319,21963,0,0
https://ncrl.overdrive.com,"North Central Regional Library",25262,5331,19931,0,0
https://skokielibrary.overdrive.com,"Skokie Public Library",25193,4037,21156,0,0
https://chester.overdrive.com,"Chester County Library System",24980,5496,19484,0,0
https://norfolk-va.overdrive.com,"Norfolk Public Library",24838,1136,23702,0,0
https://lexpublib.overdrive.com,"Lexington Public Library",24837,2980,21857,0,0
https://capitalarealibrary.overdrive.com,"Capital Area Library District",24575,7536,17039,0,0
https://elnb-bnnb.overdrive.com,"Bibliothèques publiques du N.-B. / New Brunswick Public Libraries",24511,4868,19554,89,0
https://tacoma.overdrive.com,"Tacoma Public Library",24416,5065,19351,0,0
https://buckinghamshire.overdrive.com,"Buckinghamshire County Council",24361,447,23914,0,0
https://tblc.overdrive.com,"Tampa Bay Library Consortium",24019,5019,18964,36,0
https://sonoma.overdrive.com,"Sonoma County Library",24018,8319,15699,0,0
https://jefferson.overdrive.com,"Jefferson County Public Library",23963,0,23963,0,0
https://washoecounty.overdrive.com,"Washoe County Library System",23960,7565,16395,0,0
https://mvlc.overdrive.com,"Merrimack Valley Library Consortium",23906,5983,17274,194,455
https://dmpl.overdrive.com,"Des Moines Public Library",23863,7017,16846,0,0
https://jeff.overdrive.com,"Jefferson Parish Library",23658,3265,20344,49,0
https://carmel.overdrive.com,"Carmel Clay Public Library",23497,7838,15659,0,0
https://icpl.overdrive.com,"Digital Johnson County",23484,7862,15622,0,0
https://neworleans.overdrive.com,"New Orleans Public Library",23477,10406,12566,248,257
https://netldc.overdrive.com,"Northeast Texas Digital Consortium",23475,3539,19774,162,0
https://banq.overdrive.com,"Bibliothèque et Archives nationales du Québec",23424,4154,19270,0,0
https://nsdc.overdrive.com,"North Suburban Digital Consortium",23414,6737,16646,31,0
https://volusia.overdrive.com,"Volusia County Public Library",23413,5768,17645,0,0
https://pplc.overdrive.com,"Pinellas Public Library Cooperative",23305,5258,17176,871,0
https://lex.overdrive.com,"Lexington County Public Library System",23087,5676,17284,127,0
https://ajax.overdrive.com,"Ajax Public Library",23086,5229,17857,0,0
https://nh.overdrive.com,"New Hampshire State Library",23078,9864,13013,1,200
https://highplains.overdrive.com,"High Plains Library District",22843,7457,15386,0,0
https://burlingtonpl.overdrive.com,"Burlington Public Library",22841,3866,18975,0,0
https://abilene.overdrive.com,"Abilene PL & Tom Green CL",22749,4612,18137,0,0
https://arrowhead.overdrive.com,"Arrowhead Library System",22691,8692,13999,0,0
https://yourlibraryca.overdrive.com,"Richmond Public Library",22553,3446,19107,0,0
https://essexca.overdrive.com,"Essex County Library",22452,6532,15878,42,0
https://andersonlibrary.overdrive.com,"Anderson County Library",22410,3650,18760,0,0
https://arlingtontx.overdrive.com,"Arlington Public Library",22371,6547,15824,0,0
https://epukapuka.overdrive.com,"Lower North Island",22237,3832,18405,0,0
https://nckids.overdrive.com,"NC Kids Digital Library",22148,4471,16573,1104,0
https://queenslibrary.overdrive.com,"Queens Library",22033,2522,18830,681,0
https://southdakota.overdrive.com,"South Dakota Digital Consortium",21991,5515,15976,31,469
https://pinnacle.overdrive.com,"Pinnacle Digital Consortium",21819,4952,16867,0,0
https://berkeleypubliclibrary.overdrive.com,"Berkeley Public Library",21718,5735,15983,0,0
https://midyork.overdrive.com,"Mid-York Library System",21642,4354,17288,0,0
https://hepl.overdrive.com,"Hamilton East Public Library",21532,5589,15943,0,0
https://coloradodc.overdrive.com,"Across Colorado Digital Consortium",21426,4439,16400,504,83
https://id8.overdrive.com,"LYNX Library Consortium",21334,4226,17108,0,0
https://glllibraries.overdrive.com,"Better Libraries Digital Consortium",21301,3196,18105,0,0
https://norfolk.overdrive.com,"Norfolk County Council",21208,1013,20195,0,0
https://nidl.overdrive.com,"Northeast Indiana Digital Library",21194,3041,17715,0,438
https://ryde.overdrive.com,"City of Ryde Library",21169,1276,19893,0,0
https://sclibrary.overdrive.com,"Strathcona County Library",21103,3794,17309,0,0
https://alexandria.overdrive.com,"Alexandria Library",21068,5127,15941,0,0
https://pas-gdl.overdrive.com,"Pasadena/Glendale Digital Library",20940,4738,16143,59,0
https://durhamcounty.overdrive.com,"Durham County Library",20777,3462,17315,0,0
https://swvapub.overdrive.com,"Southwest Virginia Public Libraries",20535,5294,15241,0,0
https://lplelibrary.overdrive.com,"Laredo Public Library",20527,0,20527,0,0
https://owwl.overdrive.com,"Pioneer Library System",20464,6352,13864,0,248
https://noble.overdrive.com,"NOBLE: North of Boston Library Exchange",20343,4432,15634,0,277
https://edownload.overdrive.com,"Lambton County Library",20339,2959,17380,0,0
https://boroondara.overdrive.com,"Boroondara Library Service",20301,1779,18522,0,0
https://daviscounty.overdrive.com,"Davis County Library",20232,8450,11155,627,0
https://myjdl.overdrive.com,"Jackson District Library",20184,3988,16196,0,0
https://ocl.overdrive.com,"Ocean County Library",19938,4390,15548,0,0
https://greenvillesc.overdrive.com,"Greenville County Library System",19834,0,19834,0,0
https://brantford.overdrive.com,"Brantford Public Library",19816,3906,15910,0,0
https://plcmc.overdrive.com,"Charlotte Mecklenburg Library",19732,2637,16899,196,0
https://lakeland.overdrive.com,"Lakeland Library Cooperative",19526,4834,14293,399,0
https://stls.overdrive.com,"Southern Tier Library System",19382,3120,15692,570,0
https://ecrl.overdrive.com,"East Central Regional Library",18926,3217,15709,0,0
https://whitby.overdrive.com,"Whitby Public Library",18846,1753,17093,0,0
https://ecat.overdrive.com,"Sarasota County Libraries",18798,4962,13836,0,0
https://hendersonlibraries.overdrive.com,"Henderson Libraries",18784,4062,14322,0,400
https://pclc.overdrive.com,"Polk County Library Cooperative",18746,1462,17008,276,0
https://suffolklibraries.overdrive.com,"Suffolk Libraries",18561,2144,16417,0,0
https://semcofl.overdrive.com,"Seminole County Public Library System",18559,3700,14598,261,0
https://charlestoncounty.overdrive.com,"Charleston County Public Library System",18526,4438,14088,0,0
https://dekalb.overdrive.com,"DeKalb County Public Library",18405,6566,11839,0,0
https://collier.overdrive.com,"Collier County Public Library",18383,4457,13926,0,0
https://larl.overdrive.com,"Lake Agassiz Regional Library",18351,2460,15891,0,0
https://avalonfreelibrary.overdrive.com,"Avalon Free Public Library",18244,2000,16244,0,0
https://wakegov.overdrive.com,"Wake County Public Libraries",18124,6040,12084,0,0
https://brdc.overdrive.com,"Blue Ridge Download Consortium",18066,4722,13083,261,0
https://woodlands.overdrive.com,"Woodlands Library Cooperative",17996,3637,14359,0,0
https://chinookarch.overdrive.com,"Chinook Arch Regional Library System",17911,2532,15378,1,0
https://burlington.overdrive.com,"Burlington County Library System",17874,4972,12272,630,0
https://iredell.overdrive.com,"Iredell County Library",17867,2848,14794,225,0
https://sjcpls.overdrive.com,"St. Johns County Public Library",17809,1128,16681,0,0
https://kern.overdrive.com,"Kern County Library",17801,3217,14584,0,0
https://libraryinjonesboro.overdrive.com,"Craighead County Jonesboro Public Library",17800,4787,13013,0,0
https://gwinnett.overdrive.com,"Gwinnett County Public Library",17736,4973,12437,326,0
https://laportelibrary.overdrive.com,"La Porte County Public Library",17661,3065,14596,0,0
https://scdl.overdrive.com,"Southern California Digital Library",17632,4378,12992,262,0
https://wichita.overdrive.com,"Wichita Public Library",17608,0,17608,0,0
https://wrl.overdrive.com,"Williamsburg Regional Library",17523,0,17523,0,0
https://mmlc.overdrive.com,"Mideastern Michigan Library Cooperative",17424,1607,15661,156,0
https://fuelyourmind.overdrive.com,"White Pine Library Cooperative",17399,3747,13652,0,0
https://sapl.overdrive.com,"St. Albert Public Library",17313,2061,15252,0,0
https://elibrary.overdrive.com,"Newfoundland & Labrador Public Libraries",17276,2148,15128,0,0
https://northnet.overdrive.com,"NorthNet Library System",17273,4486,12786,1,0
https://librariesniuk.overdrive.com,"Libraries NI",17260,3079,14181,0,0
https://fvrl.overdrive.com,"Fraser Valley Regional Library",17252,2317,14935,0,0
https://oceancity.overdrive.com,"Ocean City Free Public Library",17068,2124,14944,0,0
https://meridian.overdrive.com,"Meridian Library District",17034,3570,13464,0,0
https://palmbeach.overdrive.com,"Palm Beach County Library System",16977,0,16977,0,0
https://aberdeenshirelibraries.overdrive.com,"Aberdeenshire Library and Information Service",16967,1745,15222,0,0
https://westtexas.overdrive.com,"West Texas Digital Consortium",16930,1374,15541,15,0
https://nmbm.overdrive.com,"Nelson Mandela Bay Municipality",16911,3711,12410,790,0
https://ccls.overdrive.com,"Chautauqua-Cattaraugus Library System",16898,3507,13156,0,235
https://cobbcounty.overdrive.com,"Cobb County Public Library System",16749,3929,12267,553,0
https://huntington.overdrive.com,"Huntington Public Library",16711,4859,11554,298,0
https://aurora.overdrive.com,"Aurora Public Library",16708,2250,14458,0,0
https://ntrls.overdrive.com,"North Texas Libraries on the Go",16696,4600,12096,0,0
https://ylpl.overdrive.com,"Yorba Linda Public Library",16628,3863,12321,444,0
https://libraryconnection.overdrive.com,"Library Connection, Inc.",16600,3962,11509,598,531
https://virtuallibrary.overdrive.com,"Virtual Library of Wyoming",16555,3877,12110,568,0
https://virl.overdrive.com,"Vancouver Island Regional Library",16495,3152,13343,0,0
https://denton.overdrive.com,"Denton Public Library",16484,5508,10952,24,0
https://jericholibrary.overdrive.com,"Jericho Public Library",16462,2702,13760,0,0
https://cin.overdrive.com,"Cooperative Information Network",16376,2833,13543,0,0
https://mylakelibrary.overdrive.com,"Lake County Library System",16342,1100,15079,163,0
https://warrenpl.overdrive.com,"Warren County Public Library",16339,5207,11087,45,0
https://mhls.overdrive.com,"Mid-Hudson Library System",16217,3724,12236,257,0
https://penrith.overdrive.com,"Penrith City Library",16190,4173,12017,0,0
https://oxfordshire.overdrive.com,"Oxfordshire County Council",16136,1475,14661,0,0
https://alliance.overdrive.com,"Alliance Digital Media Library",15881,1705,14174,2,0
https://mlcstl.overdrive.com,"Municipal Library Consortium of St. Louis County",15847,4432,11415,0,0
https://bpls.overdrive.com,"Beaumont Public Library System",15727,3089,12638,0,0
https://mohave.overdrive.com,"Mohave County Library District",15635,4144,11491,0,0
https://gloucestershire.overdrive.com,"Gloucestershire Libraries",15618,1606,14012,0,0
https://voebb.overdrive.com,"Berlin, Verbund Öffentlicher Bibliotheken (VÖBB)",15550,2248,13302,0,0
https://tularecounty.overdrive.com,"Tulare County Library",15514,3612,11902,0,0
https://barnet.overdrive.com,"London Borough of Barnet",15514,1564,13950,0,0
https://liverpool.overdrive.com,"Liverpool Libraries and Information Service",15511,2544,12967,0,0
https://mrspl.overdrive.com,"Mary Riley Styles Public Library",15501,3416,12085,0,0
https://centralpalibraries.overdrive.com,"Central PA Libraries",15471,3072,12399,0,0
https://gmlc.overdrive.com,"Green Mountain Library Consortium",15399,5441,9958,0,0
https://lion.overdrive.com,"LION: Libraries Online",15380,4078,11302,0,0
https://selco.overdrive.com,"Southeastern Libraries Cooperating",15355,3134,12221,0,0
https://shortgrass.overdrive.com,"Shortgrass Library System",15306,1157,14149,0,0
https://simcoe.overdrive.com,"County of Simcoe Library Co-operative",15295,2649,12646,0,0
https://triparish.overdrive.com,"Tri-Parish E-Library",15267,1061,13456,750,0
https://novascotia-annapolisvalley.overdrive.com,"Nova Scotia Public Libraries",15184,1707,13477,0,0
https://slc.overdrive.com,"Suburban Library Cooperative",15181,2697,12451,33,0
https://novascotia.overdrive.com,"Nova Scotia Public Libraries",15123,1679,13444,0,0
https://santamonica.overdrive.com,"Santa Monica Public Library",15022,5258,9764,0,0
https://smdl.overdrive.com,"Southwest Michigan Library Cooperative",14833,2359,12230,244,0
https://lonestardigitalibrary.overdrive.com,"Lone Star Digital Library",14811,2071,12500,240,0
https://kirklees.overdrive.com,"Kirklees Libraries",14792,1558,13234,0,0
https://pwdl.overdrive.com,"Piney Woods Digital Consortium",14776,1024,13661,91,0
https://westlake.overdrive.com,"Westlake Porter Public Library",14721,2499,12222,0,0
https://ctdl.overdrive.com,"Central Texas Digital Consortium",14711,2275,11818,88,530
https://stratford.overdrive.com,"Stratford Library Association",14454,1404,13026,24,0
https://hornsby.overdrive.com,"Hornsby Shire Library & Information Service",14440,1370,13069,0,0
https://ssjcpl.overdrive.com,"Stockton-San Joaquin County Public Library",14358,4590,9767,1,0
https://sudbury.overdrive.com,"Greater Sudbury Public Library",14271,1847,12424,0,0
https://yprl.overdrive.com,"Yarra Plenty Regional Library",14226,1408,12818,0,0
https://yln.overdrive.com,"Yavapai Library Network",14136,4435,9701,0,0
https://washington.overdrive.com,"Washington County Library",14046,0,14046,0,0
https://chesapeake.overdrive.com,"Chesapeake Public Library System",14029,3560,10469,0,0
https://reading.overdrive.com,"Reading Public Library",13784,773,12702,309,0
https://ebonnerlibrary.overdrive.com,"East Bonner County Library District",13699,5377,8322,0,0
https://sovalue.overdrive.com,"Southern Virginia Libraries United Electronically",13668,1883,11509,276,0
https://librarypoint.overdrive.com,"Central Rappahannock Regional Library",13593,3121,10472,0,0
https://princetonlibrary.overdrive.com,"Princeton Public Library",13479,2163,11316,0,0
https://lbpl.overdrive.com,"Long Beach Public Library",13448,4438,9010,0,0
https://clarkco.overdrive.com,"Charlestown Clark County Public Library",13443,994,12449,0,0
https://dubuque.overdrive.com,"Carnegie-Stout Public Library",13439,4422,8583,434,0
https://princewilliam.overdrive.com,"Prince William Public Library System",13416,3215,10201,0,0
https://springfield.overdrive.com,"Springfield-Greene County Library",13281,4905,8156,220,0
https://greatnecklibrary.overdrive.com,"Great Neck Library",13271,1843,11428,0,0
https://silverstarcoop.overdrive.com,"Nevada Library Cooperative",13085,2325,10300,297,163
https://northyorks.overdrive.com,"North Yorkshire Libraries",13000,1425,11575,0,0
https://sdg.overdrive.com,"SDG Library",12981,1652,11137,192,0
https://medway.overdrive.com,"Medway Council",12845,1191,11654,0,0
https://cldl.overdrive.com,"Allentown Public Library",12807,2071,10736,0,0
https://peipls.overdrive.com,"Prince Edward Island Public Library Service",12603,2558,10045,0,0
https://kfpl.overdrive.com,"Kingston Frontenac Public Library",12574,2799,9644,131,0
https://princeton.overdrive.com,"Princeton University",12573,1896,10677,0,0
https://burnaby.overdrive.com,"Burnaby Public Library",12560,3687,8873,0,0
https://aurorapubliclibrary.overdrive.com,"Aurora Public Library",12270,949,11321,0,0
https://pvld.overdrive.com,"Palos Verdes Library District",12269,1736,10533,0,0
https://avon.overdrive.com,"Avon-Washington Township Public Library",12255,2096,10159,0,0
https://everett.overdrive.com,"Everett Public Library",12218,2887,9331,0,0
https://fortbend.overdrive.com,"Fort Bend County Libraries",12034,5020,7014,0,0
https://citrus.overdrive.com,"Citrus County Library System",12025,2029,9996,0,0
https://bartowlibrary.overdrive.com,"Bartow County Library System",11947,2408,9530,9,0
https://devon.overdrive.com,"Devon Libraries",11939,2267,9671,1,0
https://mvls.overdrive.com,"Mohawk Valley Library System",11920,2397,9523,0,0
https://mooneevalley.overdrive.com,"Moonee Valley Libraries",11907,0,11907,0,0
https://serra.overdrive.com,"Serra Cooperative Library System",11832,2302,9530,0,0
https://vaughanpl.overdrive.com,"Vaughan Public Libraries",11812,2741,9063,8,0
https://plymouthuk.overdrive.com,"Plymouth Library Services",11795,855,10940,0,0
https://mylibrarynow.overdrive.com,"Northeast Arkansas Regional Library",11724,608,11116,0,0
https://windsorpublic.overdrive.com,"Windsor Public Library",11716,1566,10150,0,0
https://mobius.overdrive.com,"MOBIUS Consortium",11674,3812,7834,28,0
https://glasgow.overdrive.com,"Glasgow Libraries",11585,932,10653,0,0
https://darien.overdrive.com,"Darien Library",11580,2347,9232,1,0
https://lubbock.overdrive.com,"Lubbock Public Library",11477,3911,7470,96,0
https://lccpl.overdrive.com,"Logansport-Cass County Public Library",11462,83,11379,0,0
https://lclshome.overdrive.com,"Lackawanna County Library System",11457,3201,8256,0,0
https://portagelibrary.overdrive.com,"Portage County District Library",11439,2750,8689,0,0
https://northmankato.overdrive.com,"North Mankato Taylor Library",11400,1284,10116,0,0
https://yolocounty.overdrive.com,"Yolo County Library",11364,3109,8214,41,0
https://griver.overdrive.com,"Great River Regional Library",11345,2694,8651,0,0
https://lamb.overdrive.com,"New Castle District Library Center",11301,1467,9834,0,0
https://otpls.overdrive.com,"Ohio Township Public Library",11288,2048,9240,0,0
https://newcanaanlibrary.overdrive.com,"New Canaan Library",11265,687,10574,4,0
https://stamford.overdrive.com,"The Ferguson Library",11250,965,10255,30,0
https://wplibs.overdrive.com,"Western Plains Library System",11053,2097,8956,0,0
https://irclibrary.overdrive.com,"Indian River County Library",11037,1322,9715,0,0
https://flint.overdrive.com,"Flint Public Library",11021,3436,7585,0,0
https://thelosc.overdrive.com,"Libraries of Stevens County",11013,3644,7369,0,0
https://northernbeacheslibraries.overdrive.com,"Northern Beaches Libraries",10980,1750,9230,0,0
https://sutherland.overdrive.com,"Sutherland Shire Council",10914,2873,8041,0,0
https://prl.overdrive.com,"Pamunkey Regional Library",10861,1769,9092,0,0
https://bibliomation.overdrive.com,"Bibliomation, Inc.",10825,2540,8285,0,0
https://mcallen.overdrive.com,"McAllen Public Library",10797,1353,9444,0,0
https://kurthmemorial.overdrive.com,"Kurth Memorial Library",10761,342,10419,0,0
https://ebranch2go.overdrive.com,"eBranch2Go",10684,3172,7512,0,0
https://southisland.overdrive.com,"South Island",10581,1441,9140,0,0
https://thehills.overdrive.com,"The Hills Library Service",10560,1828,8732,0,0
https://tadl.overdrive.com,"Traverse Area District Library",10559,1983,8576,0,0
https://lawrencepl.overdrive.com,"Lawrence Public Library",10523,2898,7625,0,0
https://nnpls.overdrive.com,"Newport News Public Library System",10422,989,9433,0,0
https://salon.overdrive.com,"Southern Adirondack Library System",10415,3261,7154,0,0
https://novel.overdrive.com,"Upper North Island",10366,1542,8810,14,0
https://idahodigital.overdrive.com,"Idaho Digital Consortium",10353,1136,9211,6,0
https://nioga.overdrive.com,"Nioga Library System",10245,749,9492,4,0
https://rivershare.overdrive.com,"RiverShare Library System",10235,697,9538,0,0
https://tolibrary.overdrive.com,"Thousand Oaks Library System",10224,1794,7847,583,0
https://westmoreland.overdrive.com,"Westmoreland eBook Network",10211,1399,8801,11,0
https://murraylibrary.overdrive.com,"Murray Library",10181,1957,8025,0,199
https://wirral.overdrive.com,"Wirral Libraries",10165,1055,9110,0,0
https://riopl.overdrive.com,"Rio Rancho Public Library",10155,2955,7200,0,0
https://fselibrary.overdrive.com,"Free State Public Library System",10155,0,10155,0,0
https://orlandparklibrary.overdrive.com,"Orland Park Public Library",10137,785,9352,0,0
https://pnm.overdrive.com,"National Library of Malaysia",10120,435,9282,403,0
https://mmpl.overdrive.com,"Moore Memorial Public Library",10084,317,9767,0,0
https://baycountylibrary.overdrive.com,"Bay County Library System",10067,1767,8300,0,0
https://mymanatee.overdrive.com,"Manatee County Public Library System",9998,722,9276,0,0
https://cvl.overdrive.com,"Chattahoochee Valley Libraries",9965,0,9965,0,0
https://camdigital.overdrive.com,"Camarillo Public Library",9946,2367,7579,0,0
https://unioncounty.overdrive.com,"Union County Public Library",9931,1634,8297,0,0
https://santaanapubliclibrary.overdrive.com,"Santa Ana Public Library",9922,323,9290,309,0
https://mln.overdrive.com,"Metro Library Network",9762,2977,6785,0,0
https://rdpl.overdrive.com,"Red Deer Public Library",9733,1847,7886,0,0
https://logan.overdrive.com,"Logan City Council",9732,1368,8307,57,0
https://brownsburg.overdrive.com,"Brownsburg Public Library",9724,1494,8230,0,0
https://edinburgh.overdrive.com,"Edinburgh Libraries",9711,1604,8107,0,0
https://erielibrary.overdrive.com,"Erie County Public Library",9701,1835,7785,81,0
https://tds.overdrive.com,"Traverse des Sioux Library Cooperative",9682,2175,7507,0,0
https://gldl.overdrive.com,"Great Lakes Digital Libraries",9639,2976,6379,284,0
https://muskingum.overdrive.com,"Muskingum County Library System",9613,1335,8278,0,0
https://valnet.overdrive.com,"Valnet",9515,4019,5495,1,0
https://ereolenglobal.overdrive.com,"eReolen Global",9498,2574,6924,0,0
https://richardson.overdrive.com,"Richardson Public Library",9479,1474,8005,0,0
https://nm.overdrive.com,"New Mexico Library To Go",9473,1962,7511,0,0
https://fairfield.overdrive.com,"Fairfield Public Library",9391,2036,7347,8,0
https://neflin.overdrive.com,"NEFLIN",9369,932,8437,0,0
https://okaloosa.overdrive.com,"Okaloosa County Public Library Cooperative",9361,2883,6478,0,0
https://cfwpl.overdrive.com,"Cedar Falls and Waterloo Public Libraries",9359,1699,7360,300,0
https://rvl.overdrive.com,"Roanoke Valley Libraries",9355,1263,8092,0,0
https://forsyth.overdrive.com,"Forsyth County Public Library",9354,0,9354,0,0
https://anaheim.overdrive.com,"Anaheim Public Library",9354,1582,7772,0,0
https://svlc.overdrive.com,"Southwest Valley Library Consortium",9309,1143,8166,0,0
https://ccpls.overdrive.com,"Campbell County Public Library",9220,2631,6261,328,0
https://liverpoolau.overdrive.com,"Liverpool City Library",9190,1481,7706,3,0
https://rbwm.overdrive.com,"Royal Borough of Windsor & Maidenhead",9118,908,8210,0,0
https://sjrlc.overdrive.com,"South Jersey Regional Library Cooperative",9090,2888,6202,0,0
https://laurellibrary.overdrive.com,"Laurel County Public Library",9056,2343,6683,30,0
https://fourcounty.overdrive.com,"Four County Library System",9042,1739,7303,0,0
https://ncdl.overdrive.com,"Northern California Digital Library",9029,4310,4719,0,0
https://oberlinpl.overdrive.com,"Oberlin Public Library",8977,827,8150,0,0
https://chcbl.overdrive.com,"Chattanooga Public Library",8964,2068,6896,0,0
https://elibrarybw.overdrive.com,"Büchereien Wien",8951,238,8713,0,0
https://norwalk.overdrive.com,"Norwalk Public Library",8945,321,8624,0,0
https://wtcpl.overdrive.com,"Warren-Trumbull County Public Library",8929,0,8929,0,0
https://nafcpl.overdrive.com,"Floyd County Public Library",8919,1334,7585,0,0
https://eodls.overdrive.com,"Eastern Oklahoma District Library System",8912,1554,7358,0,0
https://midland-mi.overdrive.com,"Grace A. Dow Memorial Library",8865,784,8081,0,0
https://simivalleylibrary.overdrive.com,"Simi Valley Public Library",8861,749,8109,3,0
https://spokanelibrary.overdrive.com,"Spokane Public Library",8804,8,8796,0,0
https://detroitpubliclibrary.overdrive.com,"Detroit Public Library",8759,1807,6952,0,0
https://waggin.overdrive.com,"Washington District Libraries",8725,1350,7375,0,0
https://brimbanklibraries.overdrive.com,"Brimbank Libraries",8720,179,8541,0,0
https://digibel.overdrive.com,"Busan English Library",8631,1049,7582,0,0
https://vikingdigitallibrary.overdrive.com,"Viking Library System",8599,1724,6875,0,0
https://jclibrary.overdrive.com,"Jersey City Free Public Library",8542,1066,7426,50,0
https://myapl.overdrive.com,"Ascension Parish Library",8447,1737,6709,1,0
https://bibliomontreal.overdrive.com,"Bibliothèques Montréal",8347,0,8347,0,0
https://sefl-municipal.overdrive.com,"Southeast Florida Library Association",8324,653,7642,29,0
https://vapld.overdrive.com,"Vernon Area Public Library District",8314,221,8093,0,0
https://elibraryhh.overdrive.com,"Bücherhallen Hamburg",8254,890,7222,142,0
https://yorkcountyva.overdrive.com,"York County Public Library",8246,1267,6979,0,0
https://lewisham.overdrive.com,"Lewisham Library and Information Service",8217,1699,6518,0,0
https://northcountrylibraries.overdrive.com,"North Country Library System",8196,1500,6612,0,84
https://cocolib.overdrive.com,"Flagstaff City-Coconino County Public Library",8074,1177,6897,0,0
https://cookmemorial.overdrive.com,"Cook Memorial Public Library",8026,1697,6329,0,0
https://bigcountry.overdrive.com,"Big Country Library System",7914,1563,6324,27,0
https://westbanklibrary.overdrive.com,"Westbank Community Library District",7857,2075,5781,1,0
https://wpl.overdrive.com,"Westchester Public Library",7848,1334,6514,0,0
https://metronet.overdrive.com,"Metro Net Library Consortium",7817,3225,4592,0,0
https://leoncounty.overdrive.com,"LeRoy Collins Leon County Public Library System",7773,2582,5135,56,0
https://sequoyah.overdrive.com,"Sequoyah Regional Library System",7770,2108,5662,0,0
https://fullerton.overdrive.com,"Fullerton Public Library",7753,2026,5727,0,0
https://tangilibrary.overdrive.com,"Tangipahoa Parish Library",7741,0,7741,0,0
https://yukon.overdrive.com,"Yukon Public Libraries",7732,921,6811,0,0
https://yclibrary.overdrive.com,"York County Library",7688,1259,6429,0,0
https://gauteng.overdrive.com,"Gauteng Provincial Library Service",7660,754,6900,6,0
https://camdenlibrary.overdrive.com,"London Borough of Camden",7624,141,7483,0,0
https://palmspringslibrary.overdrive.com,"Palm Springs Public Library",7608,2040,5568,0,0
https://warwickshire.overdrive.com,"Warwickshire Library and Information Service",7580,872,6708,0,0
https://hamptonpubliclibrary.overdrive.com,"Hampton Public Library",7573,0,7573,0,0
https://elibrary247.overdrive.com,"eLibrary 24/7",7472,531,6941,0,0
https://lancasterlibraries.overdrive.com,"Library System of Lancaster County",7471,2257,5214,0,0
https://e-stockton.overdrive.com,"Stockton-on-Tees Libraries",7458,578,6880,0,0
https://sbpl.overdrive.com,"San Bernardino Public Library",7435,761,6674,0,0
https://pickens.overdrive.com,"Pickens County Library System",7420,2226,5194,0,0
https://cclsys.overdrive.com,"Johnstown District Libraries",7417,743,6674,0,0
https://roswellnm.overdrive.com,"Roswell Public Library",7341,1456,5885,0,0
https://helmet.overdrive.com,"Helsinki City Library",7256,890,6322,44,0
https://randwick.overdrive.com,"Randwick City Library Services",7247,1232,6015,0,0
https://roundrock.overdrive.com,"Round Rock Public Library System",7241,136,7105,0,0
https://act.overdrive.com,"ACT Library & Information Service",7227,1873,5354,0,0
https://srlsinfo.overdrive.com,"Sandhill Regional Library System",7156,252,6894,10,0
https://acld.overdrive.com,"Apache County Library District",7112,937,6046,129,0
https://wppl.overdrive.com,"Winter Park Public Library",7068,1190,5878,0,0
https://cpcregional.overdrive.com,"Craven-Pamlico-Carteret Regional Library",7047,1507,5540,0,0
https://sp.overdrive.com,"Singapore Polytechnic",6996,213,6755,28,0
https://georgesriver.overdrive.com,"Georges River Council Library",6951,1067,5838,46,0
https://southeasternok.overdrive.com,"Southeastern Public Library System of Oklahoma",6943,0,6943,0,0
https://first.overdrive.com,"First Regional Library",6886,1545,5275,66,0
https://lacnm.overdrive.com,"Los Alamos County Library System",6853,2023,4830,0,0
https://b2gsdl.overdrive.com,"Warren Library Association",6825,721,6104,0,0
https://fmb.overdrive.com,"Fort Myers Beach Public Library",6751,0,6751,0,0
https://hct.overdrive.com,"Higher Colleges of Technology",6715,783,5818,114,0
https://cumberland.overdrive.com,"Cumberland Council Libraries",6703,519,6183,1,0
https://hclibrary.overdrive.com,"Hunterdon County Library",6687,2399,4288,0,0
https://keyslibraries.overdrive.com,"Monroe County Public Library",6636,943,5693,0,0
https://eastsussexlibrary.overdrive.com,"East Sussex County Council",6619,561,6058,0,0
https://stlucieco.overdrive.com,"St. Lucie County Library System",6591,927,5664,0,0
https://lltc.overdrive.com,"Little Libraries That Could",6586,69,6517,0,0
https://leicesteruk.overdrive.com,"Leicester Libraries",6576,633,5943,0,0
https://brant.overdrive.com,"County of Brant Public Library",6567,1408,5159,0,0
https://waverley.overdrive.com,"Waverley Library",6501,1476,5025,0,0
https://bportlibrary.overdrive.com,"Bridgeport Public Library",6489,1573,4916,0,0
https://lbrut.overdrive.com,"London Borough of Richmond upon Thames",6485,1112,5373,0,0
https://blacktown.overdrive.com,"Blacktown City Libraries",6410,304,6106,0,0
https://midnorthcoast.overdrive.com,"Mid North Coast Library Service",6366,256,6110,0,0
https://scl.overdrive.com,"Sunshine Coast Libraries",6357,1675,4682,0,0
https://palmetto.overdrive.com,"Palmetto Library Consortium",6322,1540,4782,0,0
https://richmondpubliclibrary.overdrive.com,"Richmond Public Library",6310,743,5567,0,0
https://hplct.overdrive.com,"Hartford Public Library",6226,0,6226,0,0
https://saginawlibrary.overdrive.com,"Public Libraries of Saginaw",6148,1224,4924,0,0
https://sandoval.overdrive.com,"Sandoval County Library Consortium",6144,1184,4960,0,0
https://cefls.overdrive.com,"Clinton Essex Franklin Library System",6115,280,5835,0,0
https://wml.overdrive.com,"Whitehorse Manningham Regional Library Corporation",6106,866,5240,0,0
https://rafbokasafnid.overdrive.com,"Rafbókasafnið",6041,1126,4915,0,0
https://scw.overdrive.com,"Sun City West - R. H. Johnson Library",6040,652,5388,0,0
https://richmondlibrary.overdrive.com,"Richmond Public Library",6032,1445,4587,0,0
https://realtor.overdrive.com,"National Association of REALTORS®",5995,1131,4857,7,0
https://yorklibraries.overdrive.com,"York Libraries",5903,1611,4292,0,0
https://gcldaz.overdrive.com,"Gila County Library District",5865,476,5389,0,0
https://jefflibrary.overdrive.com,"Jeffersonville Township Public Library",5863,1224,4639,0,0
https://burbank.overdrive.com,"Burbank Public Library",5849,1537,4293,19,0
https://portphillip.overdrive.com,"Port Phillip Library Service",5834,68,5766,0,0
https://claytonnc.overdrive.com,"Hocutt Ellington Memorial Library",5806,4,5788,14,0
https://plumcreeklibrary.overdrive.com,"Plum Creek Library System",5789,666,5123,0,0
https://scenicregional.overdrive.com,"Scenic Regional Library",5727,1593,4134,0,0
https://listeneasternwv.overdrive.com,"Listen Eastern West Virginia",5691,2651,3040,0,0
https://stclaircounty.overdrive.com,"Saint Clair County Library",5661,1534,4127,0,0
https://virtualbpld.overdrive.com,"Bartlett Public Library",5655,902,4753,0,0
https://ebookssjclibrary.overdrive.com,"San Juan Community Library",5644,67,5574,3,0
https://blackpool.overdrive.com,"Blackpool Libraries",5629,549,5080,0,0
https://livermore.overdrive.com,"Livermore Public Library",5579,1847,3732,0,0
https://pioneerland.overdrive.com,"Pioneerland Library System",5536,1388,4148,0,0
https://qroc.overdrive.com,"Queensland Regional OverDrive Consortium",5528,453,5075,0,0
https://campbelltown.overdrive.com,"Campbelltown City Council",5519,1155,4364,0,0
https://beaverlibraries.overdrive.com,"Beaver County Library System",5499,637,4661,201,0
https://maltalibraries.overdrive.com,"Malta Libraries",5495,344,4924,1,226
https://renfrewshire.overdrive.com,"Renfrewshire Libraries",5486,867,4619,0,0
https://asub.overdrive.com,"Arkansas State University - Beebe",5462,193,5269,0,0
https://bcsdmc.overdrive.com,"Bryan and College Station Public Library System",5459,637,4822,0,0
https://ncc.overdrive.com,"Nassau Community College",5441,172,5269,0,0
https://south-ayrshire.overdrive.com,"South Ayrshire Libraries",5416,905,4511,0,0
https://taipei.overdrive.com,"Taipei Public Library",5394,865,4435,94,0
https://ccld.overdrive.com,"Cochise County Library District",5362,655,4707,0,0
https://jdcpl.overdrive.com,"Jasper Dubois County Contractual Public Library",5354,838,4516,0,0
https://bexley.overdrive.com,"London Borough of Bexley",5319,812,4455,52,0
https://clcn.overdrive.com,"Capital Library",5254,645,4609,0,0
https://ahml.overdrive.com,"Arlington Heights Memorial Library",5239,1886,3353,0,0
https://carverlib.overdrive.com,"Carver County Library",5233,0,5233,0,0
https://byu.overdrive.com,"Brigham Young University",5208,2105,3103,0,0
https://occc.overdrive.com,"Oklahoma City Community College",5196,904,4292,0,0
https://kznpls.overdrive.com,"Kwa-Zulu Natal Provincial Library Services",5178,0,5178,0,0
https://bocalibrary.overdrive.com,"Boca Raton Public Library",5110,856,4003,251,0
https://fclspa.overdrive.com,"Franklin County Library System",5078,664,4414,0,0
https://mayvillestate.overdrive.com,"Mayville State University",5072,159,4913,0,0
https://listening-books.overdrive.com,"Listening Books",5061,5041,20,0,0
https://hawkesbury.overdrive.com,"Hawkesbury Library Service",5038,447,4591,0,0
https://nwrls.overdrive.com,"Northwest Regional Library System",5025,1226,3799,0,0
https://uws.overdrive.com,"Western Sydney University",5007,855,4036,116,0
https://dliflc.overdrive.com,"Defense Language Institute",4992,674,3362,956,0
https://bhpl.overdrive.com,"Beverly Hills Public Library",4991,840,3258,893,0
https://torbay.overdrive.com,"Torbay Libraries",4988,861,4127,0,0
https://hkpl.overdrive.com,"Hong Kong Public Libraries (HKPL)",4987,0,4987,0,0
https://acfpl.overdrive.com,"Atlantic City Free Public Library",4954,862,4092,0,0
https://bnl.overdrive.com,"Bermuda National Library",4928,493,4435,0,0
https://randolph.overdrive.com,"Randolph County Public Library",4905,0,4905,0,0
https://nwrlib.overdrive.com,"Northwest Regional Library System",4905,1071,3834,0,0
https://gptx.overdrive.com,"Grand Prairie Public Library System",4894,217,4677,0,0
https://centralcoast.overdrive.com,"Central Coast Library Service",4892,512,4380,0,0
https://kuna.overdrive.com,"Kuna District Library",4889,1290,3599,0,0
https://emagnolia.overdrive.com,"Magnolia eLibrary",4884,465,4412,7,0
https://douglasbcuk.overdrive.com,"Douglas Borough Council",4851,501,4350,0,0
https://rivershareacademic.overdrive.com,"RiverShare Academic Libraries",4831,52,4779,0,0
https://sanleandrolibrary.overdrive.com,"San Leandro Public Library",4752,965,3787,0,0
https://georgetowncollege.overdrive.com,"Georgetown College",4745,17,4610,118,0
https://trails.overdrive.com,"TRAILS",4742,30,4712,0,0
https://birmingham-uk.overdrive.com,"Birmingham Libraries",4719,0,4719,0,0
https://tbldc.overdrive.com,"Tarrant County Churches Digital Consortium",4701,255,4442,4,0
https://smsa.overdrive.com,"Sydney Mechanics' School of Arts",4689,345,4344,0,0
https://mcls.overdrive.com,"Madison County Library System",4641,1350,3291,0,0
https://ebooksusa.overdrive.com,"U.S. Embassy Berlin",4634,488,4141,5,0
https://huntingdon.overdrive.com,"Huntingdon College",4605,4,4601,0,0
https://npl.overdrive.com,"Nacogdoches Public Library",4541,512,4029,0,0
https://vppl.overdrive.com,"Virginia Piedmont Public Libraries",4513,935,3552,26,0
https://owen.overdrive.com,"Owen County Public Library",4512,1115,3397,0,0
https://sz.overdrive.com,"Shenzhen Library (深圳图书馆)",4499,374,4125,0,0
https://rml.overdrive.com,"Rancho Mirage Public Library",4471,0,4471,0,0
https://rmulibrary.overdrive.com,"Robert Morris University Illinois",4441,0,4441,0,0
https://emedia.overdrive.com,"Bibliothèques des banlieues de l’Île de Montréal",4415,1159,3256,0,0
https://geelong.overdrive.com,"Geelong Regional Library",4283,232,4041,10,0
https://palsplus.overdrive.com,"PALS Plus NJ OverDrive Library",4210,701,3509,0,0
https://sanibel.overdrive.com,"Sanibel Public Library",4187,323,3864,0,0
https://waukegan.overdrive.com,"Waukegan Public Library",4031,0,4031,0,0
https://valley.overdrive.com,"Bethlehem Area Public Library",4009,816,3193,0,0
https://drcldc.overdrive.com,"Dallas/Rockwall Church Library Digital Collection",3968,432,3532,4,0
https://emcfl.overdrive.com,"Monterey County Free Libraries",3954,1278,2676,0,0
https://brrl.overdrive.com,"Blue Ridge Regional Library",3949,315,3634,0,0
https://ald.overdrive.com,"Altadena Library District",3940,730,3210,0,0
https://forestcity.overdrive.com,"Forest City",3918,24,3894,0,0
https://rpl.overdrive.com,"Rapides Parish Library",3911,828,3064,19,0
https://dorchesterlibrarysc.overdrive.com,"Dorchester County Library System",3909,693,3216,0,0
https://sh.overdrive.com,"Shanghai Library (上海图书馆)",3903,713,3190,0,0
https://orpl.overdrive.com,"Oak Ridge Public Library",3902,728,2201,973,0
https://oconee.overdrive.com,"Oconee County Public Library",3828,620,3208,0,0
https://altamonte.overdrive.com,"City of Altamonte Springs Library",3817,351,3466,0,0
https://jessiehallett.overdrive.com,"Jessie F. Hallett Memorial Library",3779,637,3142,0,0
https://mfo.overdrive.com,"Multinational Force and Observers",3735,513,3022,200,0
https://cityofdarwin.overdrive.com,"Darwin City Council Libraries",3663,0,3663,0,0
https://woollahra.overdrive.com,"Woollahra Library & Information Service",3658,683,2975,0,0
https://mcdermott.overdrive.com,"University of Texas at Dallas",3656,1026,2630,0,0
https://barnsley.overdrive.com,"Barnsley Libraries",3580,339,3241,0,0
https://bentleydownload.overdrive.com,"Bentley University",3568,1460,2108,0,0
https://salinaspubliclibrary.overdrive.com,"Salinas Public Library",3531,741,2790,0,0
https://ypl.overdrive.com,"Yellowknife Public Library",3494,434,3060,0,0
https://gplebooks.overdrive.com,"Gary Public Library",3464,615,2846,3,0
https://dls.overdrive.com,"Defence Library Service",3459,738,2721,0,0
https://mgccc.overdrive.com,"Mississippi Gulf Coast Community College",3435,370,3064,1,0
https://lclibs.overdrive.com,"Lebanon County Libraries",3403,445,2958,0,0
https://highlandparktexas.overdrive.com,"Highland Park Library",3390,1,3358,31,0
https://dundeecity.overdrive.com,"Leisure and Culture Dundee",3386,887,2499,0,0
https://eastonpl.overdrive.com,"Easton Area Public Library",3369,0,3369,0,0
https://mlpebooks.overdrive.com,"Mississippi eBook Library Partnership",3335,153,3182,0,0
https://argyllandbute.overdrive.com,"Argyll & Bute Libraries",3334,51,3283,0,0
https://buenapark.overdrive.com,"Buena Park Library District",3313,554,2759,0,0
https://southtyneside.overdrive.com,"South Tyneside Libraries",3309,145,3164,0,0
https://hancock.overdrive.com,"Hancock County Library System",3286,573,2713,0,0
https://iedigital.overdrive.com,"Riverside County Library System",3272,303,2969,0,0
https://lacoe.overdrive.com,"Los Angeles County Office of Education",3236,429,2771,36,0
https://palestine.overdrive.com,"Palestine Public Library",3140,418,2722,0,0
https://tamus.overdrive.com,"Texas A&M University System Libraries",3118,267,2564,287,0
https://westberks.overdrive.com,"West Berkshire Libraries",3110,465,2645,0,0
https://collegedemo.overdrive.com,"OverDrive College Demo",3107,113,2611,383,0
https://middlesbrough.overdrive.com,"Middlesbrough Council",3050,147,2903,0,0
https://hempcolib.overdrive.com,"Hempstead County Library",3032,299,2720,13,0
https://penang.overdrive.com,"Penang Digital Library",3024,76,2948,0,0
https://haringey.overdrive.com,"London Borough of Haringey",3010,266,2744,0,0
https://wild.overdrive.com,"Wilderness Coast Public Libraries",2968,374,2594,0,0
https://ocnc.overdrive.com,"Orange County Public Library",2949,627,2322,0,0
https://cfbc.overdrive.com,"Champion Forest Baptist Church",2882,270,2612,0,0
https://fundacionepm.overdrive.com,"Fundación EPM-Red de Bibliotecas",2818,452,2366,0,0
https://oilcreek.overdrive.com,"Oil Creek District Library Center",2815,518,2297,0,0
https://maribyrnong.overdrive.com,"Maribyrnong Library Services",2773,0,2773,0,0
https://udel.overdrive.com,"University of Delaware",2709,149,2558,2,0
https://wauclib.overdrive.com,"Wauconda Area Public Library District",2691,357,2334,0,0
https://kcpl.overdrive.com,"Knox County Public Library",2650,376,2154,120,0
https://bld.overdrive.com,"Beaumont Library District",2646,101,2545,0,0
https://ak.overdrive.com,"Arbeiterkammer",2637,2637,0,0,0
https://crownpoint.overdrive.com,"Crown Point Community Public Library",2625,0,2625,0,0
https://bismarckstate.overdrive.com,"Bismarck State College",2583,173,2396,14,0
https://gatech.overdrive.com,"Georgia Tech Library",2574,0,2574,0,0
https://uj.overdrive.com,"University of Johannesburg",2562,186,2376,0,0
https://tri-c.overdrive.com,"Cuyahoga Community College",2561,116,2442,3,0
https://malvernhsc.overdrive.com,"Malvern-Hot Spring County Library",2542,16,2526,0,0
https://simbacqlm.overdrive.com,"Réseau BIBLIO CQLM",2526,122,2404,0,0
https://swiss.overdrive.com,"EBOOKS SWITZERLAND",2441,246,2195,0,0
https://downey.overdrive.com,"Downey City Library",2438,280,2158,0,0
https://inverclydelibraries.overdrive.com,"Inverclyde Libraries",2437,448,1989,0,0
https://acu.overdrive.com,"Australian Catholic University",2411,463,1948,0,0
https://sanfe.overdrive.com,"Santa Fe Public Library",2407,645,1762,0,0
https://jerseylibrary.overdrive.com,"States of Jersey",2405,163,2242,0,0
https://rolfing.overdrive.com,"Trinity International University",2387,696,1691,0,0
https://greenwoodsc.overdrive.com,"Greenwood County Library System",2385,246,2139,0,0
https://vaski.overdrive.com,"Vaski/Turku City Library",2364,413,1951,0,0
https://baysidelibrary.overdrive.com,"Bayside Library Service",2316,2,2314,0,0
https://kleberglibrary.overdrive.com,"Robert J. Kleberg Public Library",2312,110,2148,54,0
https://duke.overdrive.com,"Duke University",2307,1022,1285,0,0
https://hoodcounty.overdrive.com,"Hood County Public Library",2294,835,1432,27,0
https://mdc.overdrive.com,"Miami Dade College",2279,630,1649,0,0
https://meridianlauderdale.overdrive.com,"Meridian-Lauderdale County Public Library",2241,66,2175,0,0
https://joliet.overdrive.com,"Joliet Junior College",2223,984,1121,118,0
https://middleburypubliclibrary.overdrive.com,"Middlebury Public Library",2210,295,1915,0,0
https://arl.overdrive.com,"Appalachian Regional Library",2190,221,1969,0,0
https://bibnetz.overdrive.com,"Verbund Bibnetz",2140,265,1875,0,0
https://chl.overdrive.com,"Central Highlands Regional Library",2101,73,2028,0,0
https://simba2.overdrive.com,"Réseau BIBLIO de la Montérégie",2096,150,1946,0,0
https://kirkland.overdrive.com,"Kirkland Public Library",2091,195,1896,0,0
https://odl.overdrive.com,"Oklahoma Department of Libraries",2074,438,1636,0,0
https://libriid.overdrive.com,"LIBRI System, Inc.",2041,104,1937,0,0
https://asfmrc.overdrive.com,"Archdiocese of Santa Fe",2029,98,1892,39,0
https://lancastersc.overdrive.com,"Lancaster County Library System",2023,409,1614,0,0
https://cgg.overdrive.com,"Greater Geraldton Regional Library",2008,738,1270,0,0
https://mrcc.overdrive.com,"Mildura Rural City Council Library Service",1996,8,1988,0,0
https://nyp.overdrive.com,"Nanyang Polytechnic",1990,59,1926,5,0
https://cpls.overdrive.com,"Coweta Public Library System",1974,391,1566,17,0
https://dorval.overdrive.com,"Dorval Library",1972,0,1972,0,0
https://reddecolombos.overdrive.com,"Colombian/American Bi-national Centers",1968,346,1622,0,0
https://nhfpl.overdrive.com,"New Haven Free Public Library",1939,559,1380,0,0
https://guernsey.overdrive.com,"Guernsey Public Library",1931,257,1674,0,0
https://elprlibrary.overdrive.com,"Lonesome Pine Regional Library",1928,322,1514,92,0
https://hslda.overdrive.com,"Home School Legal Defense Association",1928,71,1857,0,0
https://com.overdrive.com,"College of the Mainland",1900,0,1900,0,0
https://crsbpl.overdrive.com,"Réseau BIBLIO des Laurentides",1879,0,1878,1,0
https://bristollibraries.overdrive.com,"Bristol Libraries",1857,0,1857,0,0
https://qut.overdrive.com,"Queensland University of Technology",1855,592,1234,29,0
https://susqcolibrary.overdrive.com,"Susquehanna County Library",1844,77,1767,0,0
https://virtualmoreland.overdrive.com,"Moreland City Libraries",1840,0,1840,0,0
https://bilkent.overdrive.com,"Bilkent University Library",1811,362,1449,0,0
https://cne-siar.overdrive.com,"Western Isles Libraries",1792,0,1792,0,0
https://nnyoverdrive.overdrive.com,"Northern New York Library Network",1785,284,1500,1,0
https://nwrl.overdrive.com,"Northwestern Regional Library",1780,176,1599,5,0
https://huie.overdrive.com,"Henderson State University, Huie Library",1730,806,924,0,0
https://georgiasouthern.overdrive.com,"Georgia Southern University",1701,866,835,0,0
https://downbeach.overdrive.com,"Margate City and Longport Public Library",1698,172,1526,0,0
https://kings.overdrive.com,"Kings County Library",1673,189,1484,0,0
https://jhlibrary.overdrive.com,"Jackson/Hinds Library System",1665,108,1557,0,0
https://morgancitylibrary.overdrive.com,"Morgan City Public Library",1664,37,1627,0,0
https://ebooksforyou.overdrive.com,"eBooks for You",1649,68,1581,0,0
https://hindscc.overdrive.com,"Hinds Community College",1625,203,1413,9,0
https://prairiestate.overdrive.com,"Prairie State College",1623,106,1517,0,0
https://emory.overdrive.com,"Emory University",1606,537,1069,0,0
https://gotlib.overdrive.com,"Stadsbiblioteket Göteborg",1597,259,1338,0,0
https://tvcc.overdrive.com,"Trinity Valley Community College",1490,405,1085,0,0
https://yspubliclib.overdrive.com,"Songdo International Children's Library",1476,0,1476,0,0
https://dogoklib.overdrive.com,"Dogok Library",1475,0,1475,0,0
https://egfmn.overdrive.com,"East Grand Forks-Campbell Library",1450,248,1202,0,0
https://vccs.overdrive.com,"Virginia Community College System",1440,1407,0,33,0
https://ndscs.overdrive.com,"North Dakota State College of Science",1434,296,1138,0,0
https://unimelb.overdrive.com,"University of Melbourne Student Union",1424,155,1269,0,0
https://musselmanlibrary.overdrive.com,"Gettysburg College",1419,70,1349,0,0
https://atwaterlibrary.overdrive.com,"Atwater Library and Computer Centre",1412,0,1412,0,0
https://gympie.overdrive.com,"Gympie Regional Libraries",1406,94,1312,0,0
https://lamarcounty.overdrive.com,"Lamar County Library System",1403,135,1268,0,0
https://cuhksz.overdrive.com,"The Chinese University of Hong Kong, Shenzhen",1394,440,954,0,0
https://chatham.overdrive.com,"Library of the Chathams",1374,365,1009,0,0
https://bellevuelibrary.overdrive.com,"Bellevue Baptist Church Library",1359,263,1076,20,0
https://melbourneathenaeum.overdrive.com,"The Melbourne Athenaeum Library",1353,51,1302,0,0
https://uofmiami.overdrive.com,"University of Miami Libraries",1335,228,1107,0,0
https://nuqlibrary.overdrive.com,"Northwestern University in Qatar",1331,0,1331,0,0
https://wvu.overdrive.com,"West Virginia University",1324,271,1053,0,0
https://lasalle.overdrive.com,"Lasalle Parish Library",1322,0,1322,0,0
https://seoullib.overdrive.com,"Seoul Metropolitan Library",1309,0,1309,0,0
https://isb.overdrive.com,"International School of Beijing",1309,224,1085,0,0
https://bc.overdrive.com,"Boston College",1302,275,1020,7,0
https://mrl.overdrive.com,"Massanutten Regional Library",1261,0,1261,0,0
https://amc.overdrive.com,"US Embassy- Moscow American Center",1256,129,1127,0,0
https://ecpl.overdrive.com,"East Chicago Public Library",1225,98,1127,0,0
https://lpclibrary.overdrive.com,"Las Positas College",1206,413,793,0,0
https://jplmontreal.overdrive.com,"Jewish Public Library",1204,109,1095,0,0
https://eunc.overdrive.com,"European Nazarene College",1188,1,1187,0,0
https://sjstsg.overdrive.com,"Library of Shijingshan District (石景山区图书馆)",1184,209,975,0,0
https://boisestate.overdrive.com,"Boise State University Albertsons Library",1179,134,1043,2,0
https://tbc-elibrary.overdrive.com,"Tallowood Baptist Church Library",1172,94,1078,0,0
https://mpkdigital.overdrive.com,"Moorpark City Library",1170,139,1031,0,0
https://rabun.overdrive.com,"Rabun County Public Library",1168,0,1168,0,0
https://jc.overdrive.com,"University of Jamestown",1157,57,1097,3,0
https://telford.overdrive.com,"Telford & Wrekin Libraries",1152,304,848,0,0
https://kirtland.overdrive.com,"Kirtland Community College",1140,283,838,19,0
https://cachecounty.overdrive.com,"Cache County Library",1123,290,833,0,0
https://cwcl.overdrive.com,"Uichang Library",1118,48,1070,0,0
https://stonington.overdrive.com,"Stonington Free Library",1115,133,982,0,0
https://tiptonpl.overdrive.com,"Tipton County Public Library",1096,181,915,0,0
https://childrens.overdrive.com,"Children's Medical Center",1079,110,969,0,0
https://cornell.overdrive.com,"Cornell University Library",1068,241,827,0,0
https://iyte.overdrive.com,"Izmir Institute of High Technology",1057,243,745,69,0
https://southwestfl.overdrive.com,"Southwest Florida Library Network",1054,24,1030,0,0
https://kwbc.overdrive.com,"Kirby Woods Baptist Church",1038,128,910,0,0
https://vincent.overdrive.com,"City of Vincent Library",998,81,914,3,0
https://clevelandfbc.overdrive.com,"First Baptist Cleveland Church Library",992,53,939,0,0
https://udea.overdrive.com,"Universidad De Antioquia",986,39,947,0,0
https://franklinpierce.overdrive.com,"Franklin Pierce University",986,0,986,0,0
https://rscc.overdrive.com,"Roane State Community College",982,374,608,0,0
https://northeaststate.overdrive.com,"Northeast State Community College",964,241,723,0,0
https://elin.overdrive.com,"Estacado Library Information Network",964,197,757,10,0
https://cod.overdrive.com,"College of DuPage",950,356,594,0,0
https://ngrls.overdrive.com,"Northwest Georgia Regional Library System",947,0,947,0,0
https://lyon.overdrive.com,"Lyon College",935,848,87,0,0
https://ucny.overdrive.com,"The University Club of New York",925,211,714,0,0
https://salvationarmyflorida.overdrive.com,"The Salvation Army Library Resource Center",905,82,823,0,0
https://nblib.overdrive.com,"Ningbo Library (宁波市图书馆)",903,66,837,0,0
https://cs.overdrive.com,"Changsha Library (长沙图书馆)",902,66,836,0,0
https://willowbrookbaptist.overdrive.com,"Willowbrook Baptist Church",901,32,862,7,0
https://lakesidebc.overdrive.com,"Lakeside Baptist Church",891,12,879,0,0
https://iw.overdrive.com,"Iowa Wesleyan University",886,1,885,0,0
https://vcsu.overdrive.com,"Valley City State University",813,99,686,28,0
https://nacc.overdrive.com,"Northeast Alabama Community College",806,151,655,0,0
https://vaudreuildorion.overdrive.com,"Bibliothèque de Vaudreuil-Dorion",784,39,745,0,0
https://ced.overdrive.com,"North Carolina State University - College of Education",773,76,693,4,0
https://mnstate.overdrive.com,"Minnesota State University, Moorhead",763,138,625,0,0
https://pettes.overdrive.com,"Pettes Memorial Library",744,67,668,9,0
https://eafit.overdrive.com,"Universidad EAFIT",741,22,719,0,0
https://rcc.overdrive.com,"SUNY Rockland Community College",735,164,558,13,0
https://tamlibrary.overdrive.com,"James A. Haley Veterans' Hospital",732,99,633,0,0
https://ncbi.overdrive.com,"National Council for the Blind of Ireland",727,716,11,0,0
https://du.overdrive.com,"University of Denver",724,724,0,0,0
https://keskraamatukogu.overdrive.com,"Tallinn Central Library",707,94,613,0,0
https://stlawu.overdrive.com,"Saint Lawrence University",705,146,559,0,0
https://nobts.overdrive.com,"New Orleans Baptist Theological Seminary",676,30,646,0,0
https://rcsi-mub.overdrive.com,"RCSI- Medical University of Bahrain",665,11,654,0,0
https://bibliotecauao.overdrive.com,"Universidad Autónoma de Occidente",663,44,619,0,0
https://pentagonlib.overdrive.com,"Pentagon Library",651,253,398,0,0
https://trine.overdrive.com,"Trine University",640,46,594,0,0
https://vhy.overdrive.com,"Veterans Home of California",638,69,569,0,0
https://xenos.overdrive.com,"Xenos Christian Fellowship",633,189,444,0,0
https://nashcc.overdrive.com,"Nash Community College",630,132,498,0,0
https://ntu.overdrive.com,"Nanyang Technological University",615,78,537,0,0
https://mercantile.overdrive.com,"The Mercantile Library",612,135,477,0,0
https://wyopublib.overdrive.com,"Wyomissing Public Library",603,0,603,0,0
https://christianrecord.overdrive.com,"Christian Record Services for the Blind",595,582,13,0,0
https://bibstlaz.overdrive.com,"Saint-Lazare Library",588,0,588,0,0
https://sewanee.overdrive.com,"University of the South",579,308,270,1,0
https://michbar.overdrive.com,"State Bar of Michigan",578,15,563,0,0
https://olivebaptist.overdrive.com,"Olive Baptist Church Library",569,0,569,0,0
https://swu.overdrive.com,"Southern Wesleyan University",552,149,378,25,0
https://bluebookshelf.overdrive.com,"Compassion International",552,153,399,0,0
https://friendmemorial.overdrive.com,"Friend Memorial Library",535,37,498,0,0
https://montvillelibrary.overdrive.com,"Montville Township Public Library",530,63,467,0,0
https://poetrylibrary.overdrive.com,"Southbank Centre",527,69,458,0,0
https://salb.overdrive.com,"South African Library for the Blind",526,438,88,0,0
https://cornerstone.overdrive.com,"Cornerstone University",511,54,456,1,0
https://riti.overdrive.com,"Remote Imagery Technologies, Inc.",505,223,282,0,0
https://huntingtonuniversity.overdrive.com,"Huntington University",500,61,436,3,0
https://bloomberg.overdrive.com,"Bloomberg Finance L.P.",500,167,333,0,0
https://ozyegin.overdrive.com,"Ozyegin University",498,135,363,0,0
https://amda.overdrive.com,"American Musical and Dramatic Academy",492,1,491,0,0
https://rsulibraries.overdrive.com,"Rogers State University",487,183,304,0,0
https://tricountycc.overdrive.com,"Tri-County Community College",481,230,251,0,0
https://planning.overdrive.com,"American Planning Association",455,19,436,0,0
https://wfld.overdrive.com,"BlueCross BlueShield of Kansas",447,164,278,5,0
https://bluehill.overdrive.com,"Blue Hill Public Library",447,119,328,0,0
https://jcjc.overdrive.com,"Jones County Junior College",446,38,405,3,0
https://morrin.overdrive.com,"Morrin Centre Library",438,12,426,0,0
https://theamericanclub.overdrive.com,"The American Club, Singapore",436,20,416,0,0
https://middlebury.overdrive.com,"Middlebury College",425,204,221,0,0
https://kcc.overdrive.com,"Kensington and Chelsea College",424,45,379,0,0
https://dcbottineau.overdrive.com,"Dakota College at Bottineau",406,193,213,0,0
https://denverseminary.overdrive.com,"Denver Seminary",392,0,392,0,0
https://trinity.overdrive.com,"St Francis College",389,21,368,0,0
https://macu.overdrive.com,"Mid-America Christian University",385,109,276,0,0
https://dakotastate.overdrive.com,"Dakota State University",379,152,227,0,0
https://cma.overdrive.com,"Comerica Corporate Library",368,129,239,0,0
https://wiscal.overdrive.com,"Wisconsin Academic Library Consortium",366,0,366,0,0
https://neo.overdrive.com,"NEO A&M College",360,43,317,0,0
https://irc.overdrive.com,"US Embassy Montevideo",356,3,353,0,0
https://cass.overdrive.com,"Chinese Academy of Social Sciences",352,0,352,0,0
https://longwood.overdrive.com,"Longwood University",345,342,3,0,0
https://whittierpubliclibrary.overdrive.com,"Whittier Public Library",337,119,218,0,0
https://pokagon.overdrive.com,"Pokagon Tribal Library",330,29,291,10,0
https://stanford.overdrive.com,"Stanford University",316,163,153,0,0
https://wvuparkersburg.overdrive.com,"West Virginia University at Parkersburg",302,17,285,0,0
https://sclhs.overdrive.com,"Saint Joseph Hospital",300,31,269,0,0
https://afmlibrary.overdrive.com,"Addictions Foundation of Manitoba",297,59,224,14,0
https://marshallcenter.overdrive.com,"Marshall Center Research Library",295,3,288,4,0
https://dcla.overdrive.com,"Douglas Community Library Association",295,15,280,0,0
https://ciu.overdrive.com,"Columbia International University",292,0,292,0,0
https://holmeslibrary.overdrive.com,"Holmes Community College",282,72,210,0,0
https://americanlibraryinparis.overdrive.com,"American Library in Paris",275,0,275,0,0
https://miracosta.overdrive.com,"MiraCosta College",263,51,212,0,0
https://chelsea.overdrive.com,"Chelsea Library",263,17,246,0,0
https://rccc.overdrive.com,"Rowan Cabarrus Community College",262,3,258,1,0
https://mdtlibrary.overdrive.com,"Montana Department of Transportation Library",251,111,140,0,0
https://leeward.overdrive.com,"Leeward Community College",251,0,251,0,0
https://caebookgroups.overdrive.com,"Centre for Adult Education",248,1,247,0,0
https://malmo.overdrive.com,"Malmo Stadsbibliotek",247,5,242,0,0
https://dementia-e-library.overdrive.com,"Dementia Australia Library",243,51,192,0,0
https://spbc.overdrive.com,"South Park Baptist Church",233,8,225,0,0
https://hacc.overdrive.com,"Harrisburg Area Community College",230,54,176,0,0
https://swarthmore.overdrive.com,"Swarthmore College",229,41,188,0,0
https://cna.overdrive.com,"CNA Corporation",227,22,205,0,0
https://dcu.overdrive.com,"Digital Federal Credit Union",223,61,162,0,0
https://icculibrary.overdrive.com,"Idaho Central Credit Union",222,117,105,0,0
https://alamancelibraries.overdrive.com,"Alamance County Public Libraries",221,0,221,0,0
https://cdwlearninglabelibrary.overdrive.com,"The Rapides Foundation - Community Development Works",215,10,205,0,0
https://equityresourcelibrary.overdrive.com,"Henry Parkes Equity Resource Centre",214,0,212,2,0
https://cppib.overdrive.com,"Canada Pension Plan Investment Board",212,4,208,0,0
https://uhnpatient.overdrive.com,"University Health Network",211,28,165,18,0
https://sandiegochristian.overdrive.com,"San Diego Christian College",208,0,208,0,0
https://trinitylibrary.overdrive.com,"Trinity Washington University",198,0,198,0,0
https://craibiblioteca.overdrive.com,"Fundacion Universitaria Los Libertadores",193,137,56,0,0
https://falklandcommunitylibrary.overdrive.com,"Falkland Community Library",193,0,193,0,0
https://bci.overdrive.com,"BCI",191,51,140,0,0
https://witcc.overdrive.com,"Western Iowa Tech Community College",190,62,128,0,0
https://mi.overdrive.com,"Musicians Institute of Contemporary Music Los Angeles",189,21,168,0,0
https://state.overdrive.com,"U.S. Department of State",186,32,154,0,0
https://tokyoamericanclub.overdrive.com,"Tokyo American Club",186,18,168,0,0
https://iohumc.overdrive.com,"Isle of Hope United Methodist Church",184,7,177,0,0
https://hecsa.overdrive.com,"HECSA",184,22,162,0,0
https://ak-chin.overdrive.com,"Ak-Chin Community Library",180,177,3,0,0
https://ugc.overdrive.com,"Universidad La Gran Colombia",179,19,160,0,0
https://columbiasc.overdrive.com,"Columbia College",177,90,87,0,0
https://tells.overdrive.com,"TELLS Library",171,0,171,0,0
https://baypath.overdrive.com,"Bay Path University",169,1,164,4,0
https://cloviscollegeca.overdrive.com,"Clovis Community College",162,162,0,0,0
https://nihlibrary.overdrive.com,"National Institutes of Health Library",161,55,106,0,0
https://foundationcenter.overdrive.com,"Foundation Center",159,0,159,0,0
https://spfconnect.overdrive.com,"Six Point Foundation",155,60,95,0,0
https://uofnkona.overdrive.com,"University of the Nations",152,13,139,0,0
https://guidestone.overdrive.com,"Guidestone Financial Resources for Southern Baptist Convention",152,37,115,0,0
https://lakeareatech.overdrive.com,"Lake Area Technical Institute",151,84,67,0,0
https://gia.overdrive.com,"Gemological Institute of America",150,0,127,23,0
https://mainehealthlrc.overdrive.com,"MaineHealth Learning Resource Center",143,30,113,0,0
https://paclibrary.overdrive.com,"Palo Alto College",142,0,142,0,0
https://firstcrc.overdrive.com,"First Christian Reformed Church",138,11,127,0,0
https://cairnuniversity.overdrive.com,"Cairn University",138,0,138,0,0
https://vcc.overdrive.com,"Vancouver Community College",137,68,69,0,0
https://montanastatelibrary.overdrive.com,"Montana State Library",134,18,116,0,0
https://disneytech.overdrive.com,"DPECP Tech Academy Research Library (Walt Disney Co)",132,107,25,0,0
https://idfbins.overdrive.com,"Farm Bureau Mutual Insurance Company of Idaho",131,40,91,0,0
https://stanfordchildrens.overdrive.com,"Stanford Children's Health",124,7,117,0,0
https://lruffin-smith.overdrive.com,"Cleveland Clinic Lou Ruvo Center for Brain Health",123,0,122,1,0
https://sumclibrary.overdrive.com,"Shandon United Methodist Church",118,35,83,0,0
https://lift.overdrive.com,"The Select Group",115,28,61,26,0
https://takeda.overdrive.com,"Takeda Pharmaceuticals International",111,38,73,0,0
https://davidsonccc.overdrive.com,"Davidson County Community College",104,0,104,0,0
https://defender.overdrive.com,"DEFENDERS",102,45,57,0,0
https://fandm.overdrive.com,"Franklin & Marshall College",100,29,71,0,0
https://epannapolis.overdrive.com,"Evangelical Presbyterian Church",99,13,86,0,0
https://talc.overdrive.com,"TALC – Texas Academic Library Consortium",93,9,84,0,0
https://smcm.overdrive.com,"St. Mary's College of Maryland",89,32,57,0,0
https://nswdg.overdrive.com,"Naval Special Warfare Development Group",88,20,68,0,0
https://pmi.overdrive.com,"Production Management Institute",86,1,85,0,0
https://ccri.overdrive.com,"Community College of Rhode Island",85,20,65,0,0
https://robleyrex.overdrive.com,"Robley Rex VA Medical Center",83,0,83,0,0
https://mercerebooks.overdrive.com,"Mercer School",81,8,73,0,0
https://tesoro.overdrive.com,"Tesoro Refining and Marketing Company",78,28,50,0,0
https://cmilibrary.overdrive.com,"College of the Marshall Islands",78,35,43,0,0
https://arcadia.overdrive.com,"Arcadia",78,36,42,0,0
https://nvclibrary.overdrive.com,"Northwest Vista College",72,5,66,1,0
https://lumlibrary.overdrive.com,"Appraisal Institute",71,1,70,0,0
https://nypa.overdrive.com,"New York Power Authority",70,8,62,0,0
https://fdot.overdrive.com,"Florida Department of Transportation",70,6,64,0,0
https://kaia.overdrive.com,"Korea Agency for Infrastructure Technology Advancement",66,12,54,0,0
https://mcu.overdrive.com,"Rocket Science Group",64,33,31,0,0
https://bbna.overdrive.com,"Bloomberg BNA",64,5,59,0,0
https://kennebunklibrary.overdrive.com,"Kennebunk Free Library",63,17,46,0,0
https://lassencollege.overdrive.com,"Lassen Community College",62,9,53,0,0
https://trinitycville.overdrive.com,"Trinity Presbyterian Church",61,13,48,0,0
https://digitalvanguardlibrary.overdrive.com,"Digital Vanguard Library",61,27,34,0,0
https://roberts.overdrive.com,"Roberts Wesleyan College & Northeastern Seminary",52,0,52,0,0
https://usstratcom.overdrive.com,"US Strategic Command",43,0,43,0,0
https://levine-sklutjudaiclibrary.overdrive.com,"Center For Jewish Education / Levine Sklut Judaic Library",33,7,26,0,0
https://nicc.overdrive.com,"Northeast Iowa Community College",27,0,3,24,0
https://urwelcome.overdrive.com,"URWelcome Technologies",24,7,17,0,0
https://cairnmillar.overdrive.com,"Cairnmillar Institute",23,1,22,0,0
https://nulibrary.overdrive.com,"Nazarbayev University",15,2,13,0,0
https://kdicl.overdrive.com,"KDI School of Public Policy & Management",5,2,3,0,0
https://stimson.overdrive.com,"U.S. Army Medical Department Center and School",2,1,1,0,0
https://ssecoreideation.overdrive.com,"Sydney School of Entrepreneurship",2,0,2,0,0
